{
  "version": 1,
  "author": "Nithin Chand",
  "editor": "wokwi",
  "parts": [
    { "type": "wokwi-arduino-uno", "id": "uno", "top": 96.6, "left": -115.8, "attrs": {} },
    { "type": "wokwi-lcd1602", "id": "lcd1", "top": 281.83, "left": -108.8, "attrs": {} },
    {
      "type": "wokwi-led",
      "id": "led1",
      "top": 140.4,
      "left": 205.4,
      "attrs": { "color": "red" }
    },
    { "type": "wokwi-buzzer", "id": "bz1", "top": -36, "left": 21, "attrs": { "volume": "0.1" } },
    {
      "type": "wokwi-pir-motion-sensor",
      "id": "pir1",
      "top": -34.4,
      "left": -103.38,
      "attrs": {}
    },
    {
      "type": "wokwi-resistor",
      "id": "r1",
      "top": 205.55,
      "left": 201.6,
      "attrs": { "value": "1000" }
    }
  ],
  "connections": [
    [ "pir1:VCC", "uno:5V", "red", [ "v0" ] ],
    [ "pir1:OUT", "uno:2", "green", [ "v0" ] ],
    [ "pir1:GND", "uno:GND.1", "black", [ "v0" ] ],
    [ "bz1:2", "uno:8", "green", [ "v0" ] ],
    [ "bz1:1", "uno:GND.1", "green", [ "v0" ] ],
    [ "led1:A", "r1:2", "green", [ "v28.8", "h19.2" ] ],
    [ "r1:1", "uno:13", "green", [ "v0" ] ],
    [ "led1:C", "uno:GND.1", "green", [ "v0" ] ],
    [ "lcd1:VSS", "uno:GND.1", "green", [ "v0" ] ],
    [ "lcd1:VDD", "uno:5V", "green", [ "v0" ] ],
    [ "lcd1:RS", "uno:12", "green", [ "v0" ] ],
    [ "lcd1:E", "uno:11", "green", [ "v-259.2", "h28.8" ] ],
    [ "lcd1:D4", "uno:5", "green", [ "v-240", "h76.8" ] ],
    [ "lcd1:D5", "uno:4", "green", [ "v-230.4", "h76.9" ] ],
    [ "lcd1:D6", "uno:3", "green", [ "v-220.8", "h0.2" ] ],
    [ "lcd1:D7", "uno:9", "green", [ "v0" ] ],
    [ "lcd1:A", "uno:5V", "green", [ "v0" ] ],
    [ "lcd1:K", "uno:GND.1", "green", [ "v0" ] ]
  ],
  "dependencies": {}
}